Workbook

Sheet Aannames
A1: Aannames (pas aan om scenario's te draaien)
A3: Geladen loonkosten per FTE (€/jaar, incl. werkgeverslasten+overhead) | B3: 70000
A4: Realisatie (deel van het theoretische potentieel dat je echt pakt, jr 1-3) | B4: 0.5
A5: Waarde-capture als product (deel van de waarde dat de leverancier vangt) | B5: 0.2
A6: EV-multiple (waarde-uplift = jaarwaarde × multiple) | B6: 6
A7: Gewicht AI-accountability (deel automatiseerbaar) | B7: 0.9
A8: Gewicht Hybride-accountability (deel dat de agent overneemt) | B8: 0.35
A9: Gewicht Mens-accountability | B9: 0

Sheet Organisaties
A1: Waarde van AI-agents binnen de rollen — per organisatie
A2: Loonkosten op basis van FTE (robuuster dan omzet). Jaarwaarde = loonkosten × kenniswerk-aandeel × automatiseringsfactor × realisatie.
A4: Organisatie | B4: Omzet (€) | C4: FTE | D4: Kenniswerk-aandeel | E4: AI % | F4: Hybride % | G4: Mens % | H4: Loonkosten (€) | I4: Automatiserings-factor | J4: Jaarwaarde (€) | K4: Capturebaar ARR (€) | L4: EV-uplift (€)
A5: Nooch | B5: 200000 | C5: 6 | D5: 0.7 | E5: 0.12 | F5: 0.75 | G5: 0.14 | H5: =C5*Aannames!$B$3 -> 420000 | I5: =E5*Aannames!$B$7+F5*Aannames!$B$8+G5*Aannames!$B$9 -> 0.3705 | J5: =H5*D5*I5*Aannames!$B$4 -> 54463.5 | K5: =J5*Aannames!$B$5 -> 10892.7 | L5: =J5*Aannames!$B$6 -> 326781 | M5: governance-data; startup
A6: OVM (Onlineveilingmeester.nl) | B6: 8000000 | C6: 40 | D6: 0.5 | E6: 0.2 | F6: 0.76 | G6: 0.04 | H6: =C6*Aannames!$B$3 -> 2800000 | I6: =E6*Aannames!$B$7+F6*Aannames!$B$8+G6*Aannames!$B$9 -> 0.446 | J6: =H6*D6*I6*Aannames!$B$4 -> 312200 | K6: =J6*Aannames!$B$5 -> 62440 | L6: =J6*Aannames!$B$6 -> 1873200 | M6: FTE~40; €40M = veiling-GMV, opbrengst lager
A7: Findyourgroup | B7: 25000000 | C7: 100 | D7: 0.55 | E7: 0.16 | F7: 0.77 | G7: 0.07 | H7: =C7*Aannames!$B$3 -> 7000000 | I7: =E7*Aannames!$B$7+F7*Aannames!$B$8+G7*Aannames!$B$9 -> 0.4135 | J7: =H7*D7*I7*Aannames!$B$4 -> 795987.5 | K7: =J7*Aannames!$B$5 -> 159197.5 | L7: =J7*Aannames!$B$6 -> 4775925 | M7: ~€23-25M, ~100 medewerkers, 13 bedrijven
A8: Obelink | B8: 200000000 | C8: 300 | D8: 0.35 | E8: 0.15 | F8: 0.81 | G8: 0.04 | H8: =C8*Aannames!$B$3 -> 21000000 | I8: =E8*Aannames!$B$7+F8*Aannames!$B$8+G8*Aannames!$B$9 -> 0.4185 | J8: =H8*D8*I8*Aannames!$B$4 -> 1537987.5 | K8: =J8*Aannames!$B$5 -> 307597.5 | L8: =J8*Aannames!$B$6 -> 9227925 | M8: grootste kampeerretailer EU; veel winkel/logistiek
A9: Authentic Models * | B9: 5500000 | C9: 40 | D9: 0.5 | E9: 0.16 | F9: 0.77 | G9: 0.07 | H9: =C9*Aannames!$B$3 -> 2800000 | I9: =E9*Aannames!$B$7+F9*Aannames!$B$8+G9*Aannames!$B$9 -> 0.4135 | J9: =H9*D9*I9*Aannames!$B$4 -> 289450 | K9: =J9*Aannames!$B$5 -> 57890 | L9: =J9*Aannames!$B$6 -> 1736700 | M9: * geen governance-data: gemiddelde split
A10: Totaal (5 organisaties) | B10: =SUM(B5:B9) -> 238700000 | C10: =SUM(C5:C9) -> 486 | H10: =SUM(H5:H9) -> 34020000 | J10: =SUM(J5:J9) -> 2990088.5 | K10: =SUM(K5:K9) -> 598017.7 | L10: =SUM(L5:L9) -> 17940531

Sheet Toelichting
A1: Hoe te lezen — en de grenzen
A3: Dit is een ballpark-model met expliciete aannames, geen accountantsrapport. Doel: een orde
A4: van grootte van wat AI-agents-in-de-rollen waard zijn, met knoppen om aan te draaien.
A6: Kettingrekening per organisatie:
A7: Loonkosten = FTE × geladen kosten/FTE
A8: Automatiseringsfactor = AI%×0,9 + Hybride%×0,35 + Mens%×0 (uit de accountability-analyse)
A9: Jaarwaarde = Loonkosten × kenniswerk-aandeel × automatiseringsfactor × realisatie
A10: Capturebaar ARR = Jaarwaarde × waarde-capture (wat jij als leverancier kunt vangen)
A11: EV-uplift = Jaarwaarde × EV-multiple (waarde voor de eigenaar bij structurele besparing)
A13: Belangrijke kanttekeningen:
A14: - Omzetten zijn schattingen uit openbare bronnen; OVM €40M is vermoedelijk veiling-GMV,
A15: daarom ankeren we op FTE i.p.v. omzet voor de loonkosten.
... A24: capturebaar is als product. Draai realisatie/capture/EV-multiple voor low/base/high.
